filename,label
wem_12484_00142484522.npy,british_new
wem_03397_00113039953.npy,british_new
wem_02484_01923115126.npy,british_new
wem_12484_00778216447.npy,british_new
wem_03397_00586138428.npy,british_new
wem_02484_00016907683.npy,british_new
wem_06136_00556330424.npy,british_new
wem_08784_00286696336.npy,british_new
wem_09334_00953482622.npy,british_new
wem_05223_01119413448.npy,british_new
wem_08784_02081330369.npy,british_new
wem_12484_01473175560.npy,british_new
wem_06136_00944846179.npy,british_new
wem_05223_01912982792.npy,british_new
wem_06136_00748351739.npy,british_new
wem_07508_00343097813.npy,british_new
wem_03397_00084486566.npy,british_new
wem_08784_00309122729.npy,british_new
wem_04310_00162669675.npy,british_new
wem_04310_00570901509.npy,british_new
wem_08784_01433909129.npy,british_new
wem_08784_00761798900.npy,british_new
wem_05223_02028176469.npy,british_new
wem_08421_00235435957.npy,british_new
wem_07049_00639485753.npy,british_new
wem_08421_00724701444.npy,british_new
wem_07508_00315781878.npy,british_new
wem_02484_01160056871.npy,british_new
wem_07049_00781355736.npy,british_new
wem_03397_00933515039.npy,british_new
wem_07508_01154872128.npy,british_new
wem_07049_00100470392.npy,british_new
wem_03397_00432909774.npy,british_new
wem_09334_01115128312.npy,british_new
wem_06136_00334495535.npy,british_new
wem_04310_01949399629.npy,british_new
wem_02484_01992304899.npy,british_new
wem_03397_01203021826.npy,british_new
wem_12484_02014079242.npy,british_new
wem_07508_00994361859.npy,british_new
wem_03397_00666732699.npy,british_new
wem_07049_00681525572.npy,british_new
wem_06136_01834702226.npy,british_new
wem_08784_00094564911.npy,british_new
wem_03397_01045531255.npy,british_new
wem_08421_00655178122.npy,british_new
wem_04310_01149283159.npy,british_new
wem_07508_00403118594.npy,british_new
wem_07508_00295319165.npy,british_new
wem_07049_00348470726.npy,british_new
wem_12484_00787102303.npy,british_new
wem_03397_00749664256.npy,british_new
wem_03397_01317929894.npy,british_new
wem_04310_00517754172.npy,british_new
wem_07508_00739840829.npy,british_new
wem_08421_01069876093.npy,british_new
wem_05223_02068505197.npy,british_new
wem_07508_01660039492.npy,british_new
wem_07508_01581909771.npy,british_new
wem_02484_01056378035.npy,british_new
wem_08784_00415559486.npy,british_new
wem_07049_01017744894.npy,british_new
wem_07049_01650136226.npy,british_new
wem_03397_01944745497.npy,british_new
wem_08784_00849403074.npy,british_new
wem_07508_01621531575.npy,british_new
wem_08421_00106209679.npy,british_new
wem_06136_00149937803.npy,british_new
wem_06136_00176117929.npy,british_new
wem_08421_01112708170.npy,british_new
wem_08421_00402582878.npy,british_new
wem_02484_01914578834.npy,british_new
wem_06136_00748103303.npy,british_new
wem_12484_00250234758.npy,british_new
wem_03397_00518357373.npy,british_new
wem_02484_00954712433.npy,british_new
wem_06136_00767504834.npy,british_new
wem_08421_00016236252.npy,british_new
wem_12484_00460060441.npy,british_new
wem_03397_00334244905.npy,british_new
wem_08784_01588513508.npy,british_new
wem_05223_01457515462.npy,british_new
wem_08784_00945884130.npy,british_new
wem_04310_00184879678.npy,british_new
wem_08421_00167289185.npy,british_new
wem_06136_00623192085.npy,british_new
wem_06136_02074134965.npy,british_new
wem_12484_01104747073.npy,british_new
wem_04310_00071747919.npy,british_new
wem_07508_02022550234.npy,british_new
wem_07508_01954773194.npy,british_new
wem_05223_01119194130.npy,british_new
wem_02484_01330542172.npy,british_new
wem_07508_01402857172.npy,british_new
wem_02484_01864302882.npy,british_new
wem_03397_01586444326.npy,british_new
wem_05223_01574371372.npy,british_new
wem_07049_00028635101.npy,british_new
wem_06136_01650070508.npy,british_new
wem_02484_01779403975.npy,british_new
wem_08784_01263830423.npy,british_new
wem_09334_01688299778.npy,british_new
wem_12484_02140344041.npy,british_new
wem_08421_00102628790.npy,british_new
wem_09334_00242680535.npy,british_new
wem_09334_01406751849.npy,british_new
wem_03397_00504956386.npy,british_new
wem_09334_01784973302.npy,british_new
wem_07508_00251209916.npy,british_new
wem_03397_00736968484.npy,british_new
wem_07508_01839507762.npy,british_new
wem_06136_00248259902.npy,british_new
wem_06136_00148356602.npy,british_new
wem_08421_02099034915.npy,british_new
wem_08421_01519000878.npy,british_new
wem_02484_00139129742.npy,british_new
wem_05223_00508134534.npy,british_new
wem_07049_01117243006.npy,british_new
wem_07049_01581430905.npy,british_new
wem_05223_01353581315.npy,british_new
wem_07049_01090371116.npy,british_new
wem_07508_02003204459.npy,british_new
wem_05223_01383287270.npy,british_new
wem_07049_02007084793.npy,british_new
wem_02484_00736074832.npy,british_new
wem_02484_01849317749.npy,british_new
wem_06136_00723820635.npy,british_new
wem_07508_00496219249.npy,british_new
wem_08421_00908496310.npy,british_new
wem_07508_01020328018.npy,british_new
wem_02484_01387781397.npy,british_new
wem_07508_00388682162.npy,british_new
wem_12484_00338968398.npy,british_new
wem_04310_01807198382.npy,british_new
wem_07049_01434943108.npy,british_new
wem_12484_00161570292.npy,british_new
wem_02484_01856086244.npy,british_new
wem_08421_01518477886.npy,british_new
wem_06136_01326353033.npy,british_new
wem_12484_00341619066.npy,british_new
wem_08421_00230212783.npy,british_new
wem_06136_01511246370.npy,british_new
wem_05223_00242478878.npy,british_new
wem_04310_01835763315.npy,british_new
wem_08421_01555619190.npy,british_new
wem_07508_01052046887.npy,british_new
wem_12484_00395162518.npy,british_new
wem_02484_00139201367.npy,british_new
wem_02484_01927920123.npy,british_new
wem_12484_01083396990.npy,british_new
wem_09334_01453603560.npy,british_new
wem_06136_01051631048.npy,british_new
wem_06136_00842856398.npy,british_new
wem_09334_01952873155.npy,british_new
wem_06136_00962208783.npy,british_new
wem_06136_00321525433.npy,british_new
wem_02484_00300832605.npy,british_new
wem_06136_02062398923.npy,british_new
wem_04310_00698578560.npy,british_new
wem_12484_00907456564.npy,british_new
wem_08784_00874311327.npy,british_new
wem_07508_01281622178.npy,british_new
wem_08784_00677591099.npy,british_new
wem_05223_00327071482.npy,british_new
wem_04310_01380687361.npy,british_new
wem_08421_01262480860.npy,british_new
wem_08784_01845477904.npy,british_new
wem_12484_01901578450.npy,british_new
wem_07508_00622128779.npy,british_new
wem_06136_01242466484.npy,british_new
wem_03397_01170817035.npy,british_new
wem_06136_00082170530.npy,british_new
wem_06136_01818037735.npy,british_new
wem_05223_02085886212.npy,british_new
wem_08421_00426001562.npy,british_new
wem_08784_02005970087.npy,british_new
wem_08421_00678915337.npy,british_new
wem_05223_00477127249.npy,british_new
wem_12484_01324355777.npy,british_new
wem_12484_01915115474.npy,british_new
wem_08784_01393756898.npy,british_new
wem_04310_00028377717.npy,british_new
wem_08784_00151637393.npy,british_new
wem_05223_00635589763.npy,british_new
wem_05223_00310011908.npy,british_new
wem_08421_01440328491.npy,british_new
wem_03397_00133507995.npy,british_new
wem_07049_00058797021.npy,british_new
wem_09334_00696720901.npy,british_new
wem_08784_01906877745.npy,british_new
wem_07049_01677380904.npy,british_new
wem_09334_01828738188.npy,british_new
wem_05223_00777023466.npy,british_new
wem_09334_01744273280.npy,british_new
wem_08784_00042296945.npy,british_new
wem_02484_00131381520.npy,british_new
wem_08421_01454541778.npy,british_new
wem_03397_01373437432.npy,british_new
wem_02484_01761384038.npy,british_new
wem_03397_01004809858.npy,british_new
wem_08784_00935649673.npy,british_new
wem_07508_01458022613.npy,british_new
wem_06136_01822483083.npy,british_new
wem_08784_00318802395.npy,british_new
wem_05223_01824402123.npy,british_new
wem_04310_00279599965.npy,british_new
wem_08784_00693762660.npy,british_new
wem_03397_00749260357.npy,british_new
wem_02484_00795984949.npy,british_new
wem_04310_00659938244.npy,british_new
wem_07049_01802561905.npy,british_new
wem_08421_00479573198.npy,british_new
wem_07508_00465336855.npy,british_new
wem_04310_01268149876.npy,british_new
wem_05223_01705936410.npy,british_new
wem_09334_01665893346.npy,british_new
wem_05223_01132367859.npy,british_new
wem_12484_01769155343.npy,british_new
wem_02484_00947934321.npy,british_new
wem_08421_00339978973.npy,british_new
wem_07049_01285282414.npy,british_new
wem_09334_00284570630.npy,british_new
wem_06136_00507536847.npy,british_new
wem_06136_01065981311.npy,british_new
wem_09334_01150877054.npy,british_new
wem_08421_01726845006.npy,british_new
wem_09334_00955361261.npy,british_new
wem_06136_01985115936.npy,british_new
wem_09334_01460420692.npy,british_new
wem_05223_01937700553.npy,british_new
wem_06136_02126475542.npy,british_new
wem_04310_00398452313.npy,british_new
wem_08421_01998418515.npy,british_new
wem_07049_00465204494.npy,british_new
wem_04310_01801745794.npy,british_new
wem_05223_01934228680.npy,british_new
wem_02484_01609992636.npy,british_new
wem_05223_01813898215.npy,british_new
wem_08421_01101346360.npy,british_new
wem_07049_00439021142.npy,british_new
wem_08784_01558576704.npy,british_new
wem_06136_01192679065.npy,british_new
wem_09334_01344846059.npy,british_new
wem_09334_01632196305.npy,british_new
wem_12484_01843289302.npy,british_new
wem_03397_00502963225.npy,british_new
wem_08784_01653511813.npy,british_new
wem_02484_01963957691.npy,british_new
wem_06136_01988606497.npy,british_new
wem_05223_01492959592.npy,british_new
wem_12484_00175614752.npy,british_new
wem_03397_01320573275.npy,british_new
wem_09334_01416556833.npy,british_new
wem_04310_01544731034.npy,british_new
wem_06136_00967638580.npy,british_new
wem_07049_01308427746.npy,british_new
wem_07049_00565703995.npy,british_new
wem_07508_01244344664.npy,british_new
wem_03397_00890948288.npy,british_new
wem_02484_00200317852.npy,british_new
wem_05223_00776302068.npy,british_new
wem_04310_02104875563.npy,british_new
wem_06136_01174040701.npy,british_new
wem_07508_01790257069.npy,british_new
wem_06136_01276601275.npy,british_new
wem_04310_01521034026.npy,british_new
wem_03397_00728421378.npy,british_new
wem_12484_01474614899.npy,british_new
wem_03397_01633802150.npy,british_new
wem_12484_01275779800.npy,british_new
wem_07049_02065600294.npy,british_new
wem_03397_02063137146.npy,british_new
wem_05223_01156968946.npy,british_new
wem_07508_00577579094.npy,british_new
wem_04310_00658280203.npy,british_new
wem_03397_00389692643.npy,british_new
wem_07508_01106558787.npy,british_new
wem_08784_01870240560.npy,british_new
wem_03397_00305394569.npy,british_new
wem_07508_00595359925.npy,british_new
wem_04310_01147653047.npy,british_new
wem_07508_02130916546.npy,british_new
wem_04310_01626350778.npy,british_new
wem_09334_00927036369.npy,british_new
wem_09334_01231548461.npy,british_new
wem_06136_00015437779.npy,british_new
wem_08784_00412036951.npy,british_new
wem_05223_00571139649.npy,british_new
wem_08421_01798452604.npy,british_new
wem_05223_01977597578.npy,british_new
wem_08784_00727893084.npy,british_new
wem_07049_01076803694.npy,british_new
wem_06136_01648400776.npy,british_new
wem_03397_00525111800.npy,british_new
wem_03397_00275580153.npy,british_new
wem_02484_00281597908.npy,british_new
wem_02484_01311829970.npy,british_new
wem_07508_00919631046.npy,british_new
wem_09334_01731523122.npy,british_new
wem_03397_00711752821.npy,british_new
wem_07049_01537128441.npy,british_new
wem_08784_00861736728.npy,british_new
wem_04310_01660137595.npy,british_new
wem_02484_00812310517.npy,british_new
wem_08784_00459061001.npy,british_new
wem_02484_00414973378.npy,british_new
wem_02484_00646544944.npy,british_new
wem_03397_00601858975.npy,british_new
wem_04310_02052458189.npy,british_new
wem_05223_00168757069.npy,british_new
wem_09334_00706523002.npy,british_new
wem_09334_01870823656.npy,british_new
wem_05223_00098954628.npy,british_new
wem_05223_00009034486.npy,british_new
wem_07508_00811975606.npy,british_new
wem_04310_00111440524.npy,british_new
wem_08784_01492328816.npy,british_new
wem_04310_01333054878.npy,british_new
wem_03397_01872501849.npy,british_new
wem_09334_02070680764.npy,british_new
wem_07049_00581997386.npy,british_new
wem_12484_00942325935.npy,british_new
wem_08421_00950852286.npy,british_new
wem_04310_00148740131.npy,british_new
wem_08421_00783999556.npy,british_new
wem_08421_00450951218.npy,british_new
wem_04310_01954758689.npy,british_new
wem_08784_00142184561.npy,british_new
wem_09334_00728526903.npy,british_new
wem_04310_01962323960.npy,british_new
wem_06136_00105977973.npy,british_new
wem_12484_00903376484.npy,british_new
wem_08421_02090594217.npy,british_new
wem_03397_00926864311.npy,british_new
wem_07508_00331413538.npy,british_new
wem_06136_00690240828.npy,british_new
wem_04310_01039447462.npy,british_new
wem_05223_01393363866.npy,british_new
wem_03397_02123316326.npy,british_new
wem_04310_01807267765.npy,british_new
wem_05223_01657722811.npy,british_new
wem_07508_00991757277.npy,british_new
wem_07049_00675762014.npy,british_new
wem_07049_01326855393.npy,british_new
wem_08784_00320138859.npy,british_new
wem_09334_01061074436.npy,british_new
wem_03397_01304476048.npy,british_new
wem_07508_01647762102.npy,british_new
wem_09334_01221551567.npy,british_new
wem_03397_00964346698.npy,british_new
wem_07508_00148400652.npy,british_new
wem_07049_01565114320.npy,british_new
wem_07508_01338647916.npy,british_new
wem_03397_00663195695.npy,british_new
wem_06136_01284337461.npy,british_new
wem_06136_00161771151.npy,british_new
wem_05223_01600926753.npy,british_new
wem_04310_00445623472.npy,british_new
wem_05223_01252956314.npy,british_new
wem_02484_01973642214.npy,british_new
wem_03397_01261950997.npy,british_new
wem_08421_01931430183.npy,british_new
wem_07049_01027940818.npy,british_new
wem_09334_00150883546.npy,british_new
wem_09334_00969396793.npy,british_new
wem_07508_00219162888.npy,british_new
wem_08421_01942947216.npy,british_new
wem_06136_01818310843.npy,british_new
wem_08784_00210161128.npy,british_new
wem_03397_02064271704.npy,british_new
wem_07508_01157136981.npy,british_new
wem_12484_01014688455.npy,british_new
wem_04310_01799171905.npy,british_new
wem_07508_00745396611.npy,british_new
wem_08421_01676988322.npy,british_new
wem_02484_01126120811.npy,british_new
wem_12484_02107810118.npy,british_new
wem_05223_00541698330.npy,british_new
wem_12484_01222275423.npy,british_new
wem_04310_01886196847.npy,british_new
wem_09334_00760128969.npy,british_new
wem_08421_02064298321.npy,british_new
wem_03397_00116898003.npy,british_new
wem_05223_00399753645.npy,british_new
wem_03397_01368421720.npy,british_new
wem_09334_00522504990.npy,british_new
wem_08784_01539073558.npy,british_new
wem_03397_00547676751.npy,british_new
wem_12484_00963267474.npy,british_new
wem_12484_01224989572.npy,british_new
wem_07049_02074727520.npy,british_new
wem_09334_00503884204.npy,british_new
wem_09334_00998328509.npy,british_new
wem_07049_02139913013.npy,british_new
wem_04310_00938088113.npy,british_new
wem_04310_01878808220.npy,british_new
wem_07508_01989712785.npy,british_new
wem_07508_00020685724.npy,british_new
wem_05223_00534965958.npy,british_new
wem_08421_00988464294.npy,british_new
wem_04310_01228515008.npy,british_new
wem_05223_00230286952.npy,british_new
wem_05223_00625225295.npy,british_new
wem_09334_00473741536.npy,british_new
wem_08784_00910753442.npy,british_new
wem_04310_01461101307.npy,british_new
wem_04310_01673850797.npy,british_new
wem_02484_00004475037.npy,british_new
wem_08784_01038222617.npy,british_new
wem_07049_00985121405.npy,british_new
wem_12484_00286407205.npy,british_new
wem_08421_01879643003.npy,british_new
wem_06136_00180163680.npy,british_new
wem_06136_00143440544.npy,british_new
wem_12484_00483022148.npy,british_new
wem_06136_00243035761.npy,british_new
wem_05223_02061401531.npy,british_new
wem_08421_00157755801.npy,british_new
wem_08421_00967496135.npy,british_new
wem_08784_00108599995.npy,british_new
wem_07508_00176995299.npy,british_new
wem_12484_01455789791.npy,british_new
wem_03397_01289906354.npy,british_new
wem_06136_01225102754.npy,british_new
wem_08784_00365995215.npy,british_new
wem_09334_01493351059.npy,british_new
wem_06136_00266900582.npy,british_new
wem_04310_01260426089.npy,british_new
wem_08784_01385725245.npy,british_new
wem_07508_00099981420.npy,british_new
wem_03397_01272441746.npy,british_new
wem_12484_00814568106.npy,british_new
wem_02484_01235371857.npy,british_new
wem_09334_00313306400.npy,british_new
wem_04310_00965716456.npy,british_new
wem_09334_00854710381.npy,british_new
wem_06136_01396562241.npy,british_new
wem_03397_02094593222.npy,british_new
wem_02484_01948440315.npy,british_new
wem_03397_01626133469.npy,british_new
wem_08784_01854524200.npy,british_new
wem_07049_00427566927.npy,british_new
wem_05223_00792446553.npy,british_new
wem_02484_01553373546.npy,british_new
wem_08784_02062039348.npy,british_new
wem_06136_01432057409.npy,british_new
wem_06136_00859904170.npy,british_new
wem_09334_00307306506.npy,british_new
wem_07508_00811192637.npy,british_new
wem_07049_00057541317.npy,british_new
wem_09334_00686076358.npy,british_new
wem_06136_00408168362.npy,british_new
wem_12484_01120905638.npy,british_new
wem_05223_01322952422.npy,british_new
wem_02484_00713641039.npy,british_new
wem_07049_00007652925.npy,british_new
wem_02484_01157950554.npy,british_new
wem_08784_02014005618.npy,british_new
wem_07508_00692312594.npy,british_new
wem_07049_01722483910.npy,british_new
wem_07049_01657351004.npy,british_new
wem_02484_01408312255.npy,british_new
wem_08421_00851358229.npy,british_new
wem_02484_01505394983.npy,british_new
wem_06136_02010741258.npy,british_new
wem_08421_00545005846.npy,british_new
wem_09334_00802991425.npy,british_new
wem_09334_00478550427.npy,british_new
wem_03397_01646563929.npy,british_new
wem_12484_00032261674.npy,british_new
wem_06136_01576900338.npy,british_new
wem_05223_01100098842.npy,british_new
wem_07049_01710422646.npy,british_new
wem_03397_01271061194.npy,british_new
wem_07049_00892333799.npy,british_new
wem_09334_00613007306.npy,british_new
wem_04310_00724417756.npy,british_new
wem_06136_01931666824.npy,british_new
wem_02484_00249943896.npy,british_new
wem_04310_01749404699.npy,british_new
wem_07049_00871040040.npy,british_new
wem_08421_00930052287.npy,british_new
wem_07049_02087580533.npy,british_new
wem_09334_00376416016.npy,british_new
wem_03397_01544161078.npy,british_new
wem_07049_00155411034.npy,british_new
wem_12484_00467306067.npy,british_new
wem_07508_00579675451.npy,british_new
wem_02484_01269771221.npy,british_new
wem_12484_01145797547.npy,british_new
wem_07508_00097592197.npy,british_new
wem_04310_01422885612.npy,british_new
wem_07508_01192699740.npy,british_new
wem_05223_00854982648.npy,british_new
wem_02484_01004625424.npy,british_new
wem_02484_00851036957.npy,british_new
wem_07049_00759803033.npy,british_new
wem_03397_01491429734.npy,british_new
wem_06136_01652649775.npy,british_new
wem_08784_01423342302.npy,british_new
wem_09334_00959747793.npy,british_new
wem_09334_00655685224.npy,british_new
wem_02484_01866919220.npy,british_new
wem_04310_00828505880.npy,british_new
wem_12484_01301013797.npy,british_new
wem_12484_00260800325.npy,british_new
wem_04310_01124276269.npy,british_new
wem_06136_00750857887.npy,british_new
wem_04310_01236369081.npy,british_new
wem_09334_00132806581.npy,british_new
wem_08784_00956569740.npy,british_new
wem_02484_00715002238.npy,british_new
wem_03397_00403353039.npy,british_new
wem_06136_02127539131.npy,british_new
wem_12484_00703494968.npy,british_new
wem_02484_00792044653.npy,british_new
wem_08784_00196923797.npy,british_new
wem_02484_01089821641.npy,british_new
wem_08784_01642503958.npy,british_new
wem_05223_00862531992.npy,british_new
wem_04310_01704339588.npy,british_new
wem_07508_00687787245.npy,british_new
wem_07508_00311062150.npy,british_new
wem_07049_01187703679.npy,british_new
wem_05223_00786301815.npy,british_new
wem_07049_01200333235.npy,british_new
wem_07508_00159951447.npy,british_new
wem_08784_00283192263.npy,british_new
wem_06136_01508791107.npy,british_new
wem_04310_02049095391.npy,british_new
wem_07049_00627947350.npy,british_new
wem_07049_00391366399.npy,british_new
wem_08784_00950956592.npy,british_new
wem_02484_01070213665.npy,british_new
wem_04310_00271744579.npy,british_new
wem_02484_01285205317.npy,british_new
wem_07049_00247817158.npy,british_new
wem_06136_00889356383.npy,british_new
wem_12484_01624893748.npy,british_new
wem_08421_01252832843.npy,british_new
wem_09334_00340729348.npy,british_new
wem_08421_02034863386.npy,british_new
wem_12484_01431147506.npy,british_new
wem_08421_02100218927.npy,british_new
wem_07508_00448101717.npy,british_new
wem_02484_00030525527.npy,british_new
wem_07508_01669301221.npy,british_new
wem_02484_01183883767.npy,british_new
wem_08784_00692612637.npy,british_new
wem_07049_01327847221.npy,british_new
wem_05223_00501782474.npy,british_new
wem_03397_00612875051.npy,british_new
wem_04310_00543605574.npy,british_new
wem_05223_00355480107.npy,british_new
wem_08784_01525665617.npy,british_new
wem_03397_01803400600.npy,british_new
wem_08784_01136885373.npy,british_new
wem_08784_00565839378.npy,british_new
wem_02484_00452354184.npy,british_new
wem_09334_01969286069.npy,british_new
wem_04310_01304238968.npy,british_new
wem_12484_00957025328.npy,british_new
wem_08784_01938266667.npy,british_new
wem_07508_00342721815.npy,british_new
wem_09334_00104760362.npy,british_new
wem_02484_02065790778.npy,british_new
wem_06136_01772546952.npy,british_new
wem_04310_00840775802.npy,british_new
wem_04310_00854473907.npy,british_new
wem_03397_01597871733.npy,british_new
wem_09334_01180200680.npy,british_new
wem_02484_00545016104.npy,british_new
wem_07508_00561846600.npy,british_new
wem_05223_01302600082.npy,british_new
wem_05223_00588008638.npy,british_new
wem_09334_01818416322.npy,british_new
wem_12484_00451303883.npy,british_new
wem_07508_00340761381.npy,british_new
wem_02484_01858362411.npy,british_new
wem_05223_00375168361.npy,british_new
wem_08784_00876090622.npy,british_new
wem_09334_01126149623.npy,british_new
wem_07508_00352235350.npy,british_new
wem_06136_01754714029.npy,british_new
wem_03397_02111177419.npy,british_new
wem_08421_01142953779.npy,british_new
wem_05223_01006807213.npy,british_new
wem_09334_01285222087.npy,british_new
wem_09334_00063049038.npy,british_new
wem_07049_01433051159.npy,british_new
wem_04310_02098863414.npy,british_new
wem_07049_01693727475.npy,british_new
wem_08784_00713297628.npy,british_new
wem_06136_00890104346.npy,british_new
wem_05223_00929690574.npy,british_new
wem_04310_01004868667.npy,british_new
wem_02484_00796855887.npy,british_new
wem_04310_01877438157.npy,british_new
wem_02484_01270143500.npy,british_new
wem_04310_02033199845.npy,british_new
wem_08421_00283232975.npy,british_new
wem_06136_00405032294.npy,british_new
wem_03397_00916182153.npy,british_new
wem_07049_00196513389.npy,british_new
wem_02484_00517013215.npy,british_new
wem_04310_01676816131.npy,british_new
wem_07049_00421636014.npy,british_new
wem_12484_00416831915.npy,british_new
wem_03397_01457248830.npy,british_new
wem_09334_00457248043.npy,british_new
wem_12484_00274579361.npy,british_new
wem_07508_00716069382.npy,british_new
wem_09334_00229087362.npy,british_new
wem_02484_01265737680.npy,british_new
wem_05223_01013272158.npy,british_new
wem_03397_00832201541.npy,british_new
wem_07049_01278953924.npy,british_new
wem_03397_01979590254.npy,british_new
wem_03397_01715866553.npy,british_new
wem_04310_00998766518.npy,british_new
wem_08784_01931057820.npy,british_new
wem_05223_01918349768.npy,british_new
wem_03397_00738399779.npy,british_new
wem_08421_01517950107.npy,british_new
wem_07049_00031249707.npy,british_new
wem_09334_01712740221.npy,british_new
wem_04310_01965604836.npy,british_new
wem_04310_01121770044.npy,british_new
wem_12484_00028790626.npy,british_new
wem_06136_01615062602.npy,british_new
wem_05223_01341360060.npy,british_new
wem_03397_00971557099.npy,british_new
wem_07508_00493447559.npy,british_new
wem_06136_01601935160.npy,british_new
wem_06136_00822302418.npy,british_new
wem_12484_02085833711.npy,british_new
wem_08421_00513247079.npy,british_new
wem_08784_01243125246.npy,british_new
wem_08784_01609640920.npy,british_new
wem_09334_01625811415.npy,british_new
wem_12484_01551089290.npy,british_new
wem_06136_00993345730.npy,british_new
wem_09334_00922291344.npy,british_new
wem_09334_00941836592.npy,british_new
wem_08421_01842926352.npy,british_new
wem_06136_01408877582.npy,british_new
wem_12484_01182288720.npy,british_new
wem_02484_00002251569.npy,british_new
wem_08421_01528407595.npy,british_new
wem_04310_01257623613.npy,british_new
wem_02484_00882145748.npy,british_new
wem_07049_00686634502.npy,british_new
wem_04310_01558973599.npy,british_new
wem_08784_00405069232.npy,british_new
wem_04310_00260366572.npy,british_new
wem_04310_01923100975.npy,british_new
wem_05223_00112902515.npy,british_new
wem_06136_00107337178.npy,british_new
wem_08421_00038344870.npy,british_new
wem_08421_00181628819.npy,british_new
wem_06136_01040081738.npy,british_new
wem_02484_00647137213.npy,british_new
wem_08421_00667354197.npy,british_new
wem_08421_01759787121.npy,british_new
wem_08421_02120396233.npy,british_new
wem_08784_00354912933.npy,british_new
wem_04310_01696697877.npy,british_new
wem_12484_01051742869.npy,british_new
wem_08421_01372600673.npy,british_new
wem_05223_02058382041.npy,british_new
wem_04310_00941914810.npy,british_new
wem_04310_01502359272.npy,british_new
wem_04310_01780676521.npy,british_new
wem_05223_00879891799.npy,british_new
wem_12484_01500561578.npy,british_new
wem_08784_01673261267.npy,british_new
wem_07049_00400568511.npy,british_new
wem_05223_00365292918.npy,british_new
wem_06136_00704208175.npy,british_new
wem_08784_01970640687.npy,british_new
wem_08784_01970638479.npy,british_new
wem_07508_01011160131.npy,british_new
wem_07049_00725628914.npy,british_new
wem_09334_02039204021.npy,british_new
wem_08421_00583261244.npy,british_new
wem_04310_01746153179.npy,british_new
wem_07049_01221010339.npy,british_new
wem_04310_01607914057.npy,british_new
wem_08784_02108909887.npy,british_new
wem_06136_00172558915.npy,british_new
wem_07508_01900526164.npy,british_new
wem_09334_01193716604.npy,british_new
wem_07508_00231678152.npy,british_new
wem_05223_01658609420.npy,british_new
wem_09334_01528179399.npy,british_new
wem_02484_00282839061.npy,british_new
wem_06136_00653919912.npy,british_new
wem_08421_01265512394.npy,british_new
wem_04310_01427166621.npy,british_new
wem_08784_00347955071.npy,british_new
wem_07049_00552576717.npy,british_new
wem_08784_02132374377.npy,british_new
wem_02484_01947598962.npy,british_new
wem_02484_00537794312.npy,british_new
wem_08421_00332275747.npy,british_new
wem_06136_01007290598.npy,british_new
wem_04310_00511792233.npy,british_new
wem_04310_00433347577.npy,british_new
wem_07049_01016905191.npy,british_new
wem_07049_00615559417.npy,british_new
wem_08784_00459524874.npy,british_new
wem_04310_01438687037.npy,british_new
wem_02484_00577624172.npy,british_new
wem_07049_00615195790.npy,british_new
wem_03397_00402640782.npy,british_new
wem_12484_01629221669.npy,british_new
wem_08784_00051598354.npy,british_new
wem_02484_01959727253.npy,british_new
wem_03397_01932890274.npy,british_new
wem_09334_01954946267.npy,british_new
wem_07049_00531409330.npy,british_new
wem_03397_00441654256.npy,british_new
wem_05223_00773513287.npy,british_new
wem_02484_02006083529.npy,british_new
wem_04310_01280011307.npy,british_new
wem_06136_00688222568.npy,british_new
wem_08421_01238512892.npy,british_new
wem_07049_01487668218.npy,british_new
wem_07508_01712350409.npy,british_new
wem_02484_01593116829.npy,british_new
wem_09334_00923850180.npy,british_new
wem_08421_00212824397.npy,british_new
wem_08421_01313368956.npy,british_new
wem_12484_00328943347.npy,british_new
wem_05223_00719239704.npy,british_new
wem_12484_00254286358.npy,british_new
wem_04310_01136615526.npy,british_new
wem_05223_00203427654.npy,british_new
wem_07508_01347026586.npy,british_new
wem_06136_00114788687.npy,british_new
wem_12484_00658092293.npy,british_new
wem_02484_02007096732.npy,british_new
wem_07508_01653233652.npy,british_new
wem_08421_01417844984.npy,british_new
wem_04310_02098801132.npy,british_new
wem_03397_00987819221.npy,british_new
wem_12484_02128578151.npy,british_new
wem_05223_01376769430.npy,british_new
wem_07508_00530869581.npy,british_new
wem_03397_00732426700.npy,british_new
wem_08421_00468231177.npy,british_new
wem_07508_01469037364.npy,british_new
wem_05223_01912608253.npy,british_new
wem_03397_00065178879.npy,british_new
wem_09334_02139882825.npy,british_new
wem_06136_00353138284.npy,british_new
wem_05223_01226296599.npy,british_new
wem_08784_00282181440.npy,british_new
wem_05223_00128224210.npy,british_new
wem_12484_02143998698.npy,british_new
wem_04310_00849841376.npy,british_new
wem_07049_01484486235.npy,british_new
wem_06136_02116933646.npy,british_new
wem_07508_00535701471.npy,british_new
wem_12484_01502441629.npy,british_new
wem_12484_00924105159.npy,british_new
wem_07508_01445288258.npy,british_new
wem_09334_00760231144.npy,british_new
wem_09334_02006958801.npy,british_new
wem_05223_00575381631.npy,british_new
wem_08421_00922448340.npy,british_new
wem_06136_00951894369.npy,british_new
wem_04310_00680109935.npy,british_new
wem_04310_00518087974.npy,british_new
wem_04310_01166884263.npy,british_new
wem_06136_01952786584.npy,british_new
wem_07508_00534193592.npy,british_new
wem_08784_00806978445.npy,british_new
wem_07508_01679968738.npy,british_new
wem_02484_00674572414.npy,british_new
wem_06136_01791608240.npy,british_new
wem_08421_01997205642.npy,british_new
wem_02484_01231062488.npy,british_new
wem_06136_01706254570.npy,british_new
wem_08784_00612841145.npy,british_new
wem_07049_01358164896.npy,british_new
wem_09334_00167464290.npy,british_new
wem_09334_00145469770.npy,british_new
wem_08784_01714477239.npy,british_new
wem_06136_00501270318.npy,british_new
wem_12484_00445179520.npy,british_new
wem_12484_01430972228.npy,british_new
wem_08421_00277156753.npy,british_new
wem_09334_02138282968.npy,british_new
wem_08421_01880907323.npy,british_new
wem_04310_01442920595.npy,british_new
wem_06136_01531354866.npy,british_new
wem_12484_00466716704.npy,british_new
wem_07049_01587611872.npy,british_new
wem_04310_01131768482.npy,british_new
wem_02484_01029431361.npy,british_new
wem_03397_01238369929.npy,british_new
wem_07049_01005649456.npy,british_new
wem_08421_00293899546.npy,british_new
wem_07049_00753150950.npy,british_new
wem_03397_00615032155.npy,british_new
wem_07049_00896493684.npy,british_new
wem_05223_00877433316.npy,british_new
wem_12484_00141978898.npy,british_new
wem_12484_01644410134.npy,british_new
wem_09334_00336162435.npy,british_new
wem_08421_00184515768.npy,british_new
wem_02484_01228234051.npy,british_new
wem_05223_01551817208.npy,british_new
wem_08421_01185743061.npy,british_new
wem_04310_00445847277.npy,british_new
wem_09334_01427465849.npy,british_new
wem_08784_00042404338.npy,british_new
wem_04310_01470241621.npy,british_new
wem_12484_00127487054.npy,british_new
wem_02484_01217998802.npy,british_new
wem_08421_00184592946.npy,british_new
wem_02484_00308746620.npy,british_new
wem_12484_00630351596.npy,british_new
wem_06136_01509460104.npy,british_new
wem_09334_01434680831.npy,british_new
wem_03397_01134654789.npy,british_new
wem_08784_00378491393.npy,british_new
wem_08421_00115505155.npy,british_new
wem_03397_02070945298.npy,british_new
wem_04310_00096240723.npy,british_new
wem_06136_01010174980.npy,british_new
wem_04310_01293891924.npy,british_new
wem_12484_01742103607.npy,british_new
wem_12484_01128399768.npy,british_new
wem_06136_02119043525.npy,british_new
wem_08784_01787105765.npy,british_new
wem_05223_00309344250.npy,british_new
wem_06136_02035988284.npy,british_new
wem_07049_00771952155.npy,british_new
wem_09334_00359893539.npy,british_new
wem_12484_00283011677.npy,british_new
wem_02484_01409898656.npy,british_new
wem_12484_01615138324.npy,british_new
wem_02484_00055996737.npy,british_new
wem_06136_00680715324.npy,british_new
wem_02484_01279439431.npy,british_new
wem_08784_00614481319.npy,british_new
wem_04310_01268891927.npy,british_new
wem_08421_01326251844.npy,british_new
wem_09334_00265991815.npy,british_new
wem_04310_01170028962.npy,british_new
wem_07508_01648581907.npy,british_new
wem_07508_02101599803.npy,british_new
wem_08784_00935156980.npy,british_new
wem_08784_01012128550.npy,british_new
wem_08421_00699388444.npy,british_new
wem_12484_01319807954.npy,british_new
wem_04310_01415755984.npy,british_new
wem_05223_01635517977.npy,british_new
wem_05223_01625299481.npy,british_new
wem_08421_01238040377.npy,british_new
wem_05223_00762008313.npy,british_new
wem_03397_01340959685.npy,british_new
wem_08421_00674637200.npy,british_new
wem_05223_01095602847.npy,british_new
wem_08784_01408613236.npy,british_new
wem_09334_00842427139.npy,british_new
wem_05223_00390747820.npy,british_new
wem_02484_00556199750.npy,british_new
wem_07508_01215508119.npy,british_new
wem_08421_00941485996.npy,british_new
wem_12484_00823004241.npy,british_new
wem_03397_00877902505.npy,british_new
wem_02484_00747828963.npy,british_new
wem_03397_01720958753.npy,british_new
wem_07049_00928962471.npy,british_new
wem_05223_00042097366.npy,british_new
wem_05223_02053986230.npy,british_new
wem_08784_01336496151.npy,british_new
wem_12484_00667387744.npy,british_new
wem_06136_01863089671.npy,british_new
wem_07049_00645817095.npy,british_new
wem_09334_00347846599.npy,british_new
wem_02484_01075280231.npy,british_new
wem_07049_01349306096.npy,british_new
wem_08421_01304112044.npy,british_new
wem_04310_00888913741.npy,british_new
wem_07049_00163625273.npy,british_new
wem_08421_00032243200.npy,british_new
wem_05223_01245333798.npy,british_new
wem_08421_01694660882.npy,british_new
wem_04310_02041137014.npy,british_new
wem_03397_01957240396.npy,british_new
wem_12484_00513304085.npy,british_new
wem_07508_00617006305.npy,british_new
wem_03397_00552557522.npy,british_new
wem_07508_02078514806.npy,british_new
wem_07049_01642992493.npy,british_new
wem_07049_00954138639.npy,british_new
wem_08784_01016230322.npy,british_new
wem_08784_00893838758.npy,british_new
wem_12484_01378845793.npy,british_new
wem_05223_00273654866.npy,british_new
wem_03397_00618397115.npy,british_new
wem_09334_00687555727.npy,british_new
wem_07508_01003735894.npy,british_new
wem_08421_00887744535.npy,british_new
wem_06136_00704277080.npy,british_new
wem_05223_01029958250.npy,british_new
wem_12484_02008346993.npy,british_new
wem_08784_01774347328.npy,british_new
wem_05223_01900748334.npy,british_new
wem_06136_01476359166.npy,british_new
wem_07049_01960580550.npy,british_new
wem_03397_01998896378.npy,british_new
wem_03397_00013883702.npy,british_new
wem_08784_00742651835.npy,british_new
wem_05223_01493355877.npy,british_new
wem_03397_01495895755.npy,british_new
wem_08421_01681965758.npy,british_new
wem_08784_01639138942.npy,british_new
wem_06136_00354539925.npy,british_new
wem_06136_01704698702.npy,british_new
wem_07049_00625541103.npy,british_new
wem_05223_00418621964.npy,british_new
wem_07508_00241307044.npy,british_new
wem_08784_00269420644.npy,british_new
wem_06136_01135105849.npy,british_new
wem_07508_00371527928.npy,british_new
wem_07508_00300059824.npy,british_new
wem_05223_00188609103.npy,british_new
wem_04310_00926032810.npy,british_new
wem_06136_01022641899.npy,british_new
wem_03397_00363144824.npy,british_new
wem_05223_02100635489.npy,british_new
wem_07508_00657061620.npy,british_new
wem_07049_00038841539.npy,british_new
wem_08784_01105780769.npy,british_new
wem_06136_02030567503.npy,british_new
wem_03397_01543377948.npy,british_new
wem_02484_00061531635.npy,british_new
wem_02484_01223595008.npy,british_new
wem_02484_01896494009.npy,british_new
wem_02484_00350977504.npy,british_new
wem_08784_00545901827.npy,british_new
wem_07049_01093048145.npy,british_new
wem_04310_00838356263.npy,british_new
wem_02484_02115934390.npy,british_new
wem_12484_01158980192.npy,british_new
wem_08421_00217698002.npy,british_new
wem_05223_01810663532.npy,british_new
wem_08784_00880667555.npy,british_new
wem_12484_00498577409.npy,british_new
wem_07508_00366788436.npy,british_new
wem_08784_00878085739.npy,british_new
wem_08784_01372267778.npy,british_new
wem_08784_00160642460.npy,british_new
wem_09334_00189818328.npy,british_new
wem_07508_01728368428.npy,british_new
wem_07508_01516655476.npy,british_new
wem_09334_01769079277.npy,british_new
wem_07508_00388169213.npy,british_new
wem_07508_00754285044.npy,british_new
wem_09334_01707485885.npy,british_new
wem_07508_00833636836.npy,british_new
wem_09334_01554129341.npy,british_new
wem_07049_00412486171.npy,british_new
wem_12484_01497609781.npy,british_new
wem_08421_01322926957.npy,british_new
wem_12484_01015664257.npy,british_new
wem_08421_01279404319.npy,british_new
wem_08784_00964764878.npy,british_new
wem_02484_02026324229.npy,british_new
wem_07049_00723800532.npy,british_new
wem_06136_01568470585.npy,british_new
wem_12484_00373806172.npy,british_new
wem_07508_01663283352.npy,british_new
wem_03397_00289141585.npy,british_new
wem_12484_02016882460.npy,british_new
wem_08784_01521363788.npy,british_new
wem_07508_00379345861.npy,british_new
wem_12484_00007157533.npy,british_new
wem_07049_00425085617.npy,british_new
wem_04310_01357594667.npy,british_new
wem_04310_01075974226.npy,british_new
wem_05223_00738560773.npy,british_new
wem_04310_01721744267.npy,british_new
wem_09334_01625004523.npy,british_new
wem_08421_00351095478.npy,british_new
wem_02484_01311172557.npy,british_new
wem_08784_01246681952.npy,british_new
wem_08784_00480713891.npy,british_new
wem_12484_01787584987.npy,british_new
wem_03397_00440448702.npy,british_new
wem_03397_00069816671.npy,british_new
wem_06136_00839335887.npy,british_new
wem_08784_01431549782.npy,british_new
wem_12484_01414531692.npy,british_new
wem_06136_00663434992.npy,british_new
wem_02484_01816023027.npy,british_new
wem_08421_00343504513.npy,british_new
wem_12484_00460005182.npy,british_new
wem_12484_00841948751.npy,british_new
wem_04310_01970648385.npy,british_new
wem_02484_00010160552.npy,british_new
wem_02484_00890489307.npy,british_new
wem_07508_00408420304.npy,british_new
wem_07508_02035157160.npy,british_new
wem_03397_00362818079.npy,british_new
wem_07508_01969365676.npy,british_new
wem_03397_01344819825.npy,british_new
wem_07508_02112837772.npy,british_new
wem_08784_01097802028.npy,british_new
wem_04310_00825046445.npy,british_new
wem_08784_00198216449.npy,british_new
wem_07049_00917130423.npy,british_new
wem_09334_01492198964.npy,british_new
wem_05223_00632517931.npy,british_new
wem_02484_00994145437.npy,british_new
wem_09334_01835097674.npy,british_new
wem_07049_00193627799.npy,british_new
wem_07049_02053376367.npy,british_new
wem_05223_01330338489.npy,british_new
wem_08784_00964428458.npy,british_new
wem_09334_00859716859.npy,british_new
wem_05223_00126984622.npy,british_new
wem_02484_01420661530.npy,british_new
wem_03397_00001736479.npy,british_new
wem_07049_01545391937.npy,british_new
wem_03397_01716708701.npy,british_new
wem_08784_00296061519.npy,british_new
wem_03397_01930091247.npy,british_new
wem_05223_01955769230.npy,british_new
wem_09334_01288426102.npy,british_new
wem_03397_00327830666.npy,british_new
wem_07049_01063422783.npy,british_new
wem_06136_01182264659.npy,british_new
wem_05223_00293708871.npy,british_new
wem_09334_01968770864.npy,british_new
wem_03397_00848187117.npy,british_new
wem_07508_01899077725.npy,british_new
wem_08421_00880369686.npy,british_new
wem_07508_01938006482.npy,british_new
wem_07508_00609460682.npy,british_new
wem_07508_01821907522.npy,british_new
wem_08421_01961727027.npy,british_new
wem_06136_00946000441.npy,british_new
wem_08421_00895973749.npy,british_new
wem_02484_01617460252.npy,british_new
wem_08784_01402539847.npy,british_new
wem_05223_00690088773.npy,british_new
wem_09334_01925200127.npy,british_new
wem_07049_00714010050.npy,british_new
wem_06136_00811535963.npy,british_new
wem_03397_00368671945.npy,british_new
wem_03397_01508276152.npy,british_new
wem_07508_01829928521.npy,british_new
wem_09334_02023074860.npy,british_new
wem_12484_00170422555.npy,british_new
wem_08421_01982730871.npy,british_new
wem_08784_00391705792.npy,british_new
wem_05223_00879965893.npy,british_new
wem_04310_00022077523.npy,british_new
wem_08784_00114908147.npy,british_new
wem_03397_00183598217.npy,british_new
wem_09334_00349550468.npy,british_new
wem_12484_00244279678.npy,british_new
wem_07508_01754823418.npy,british_new
wem_07508_02055503584.npy,british_new
wem_05223_00384551867.npy,british_new
wem_09334_01870395434.npy,british_new
wem_07049_01265752751.npy,british_new
wem_09334_00319892645.npy,british_new
wem_12484_01664845909.npy,british_new
wem_07049_02023051498.npy,british_new
wem_04310_00083762601.npy,british_new
wem_04310_00337410035.npy,british_new
wem_08421_00747946070.npy,british_new
wem_03397_01647777966.npy,british_new
wem_08784_00295573193.npy,british_new
wem_09334_00436806869.npy,british_new
wem_07508_00442043009.npy,british_new
wem_09334_01829957519.npy,british_new
wem_06136_00110544894.npy,british_new
wem_08421_01891771786.npy,british_new
wem_12484_02117893070.npy,british_new
wem_02484_00930053528.npy,british_new
wem_07508_00879264169.npy,british_new
wem_06136_00121893329.npy,british_new
wem_07049_01917516873.npy,british_new
wem_03397_00695952968.npy,british_new
wem_05223_00568611812.npy,british_new
wem_07508_00059113019.npy,british_new
wem_12484_01912667047.npy,british_new
wem_07508_00925052524.npy,british_new
wem_04310_00514292972.npy,british_new
wem_04310_00910335577.npy,british_new
wem_06136_01137171380.npy,british_new
wem_06136_01872009391.npy,british_new
wem_08421_00648752991.npy,british_new
wem_06136_00998433607.npy,british_new
wem_12484_00562690989.npy,british_new
wem_02484_00515290938.npy,british_new
wem_08421_00749514375.npy,british_new
wem_12484_00087442802.npy,british_new
wem_07508_00407122199.npy,british_new
wem_08784_01015914128.npy,british_new
wem_09334_01888312553.npy,british_new
wem_07508_01308598031.npy,british_new
wem_08784_01994516084.npy,british_new
wem_06136_00688440089.npy,british_new
wem_03397_02016934412.npy,british_new
wem_08421_00221728249.npy,british_new
wem_05223_01934707618.npy,british_new
wem_03397_01683183761.npy,british_new
wem_03397_00797854949.npy,british_new
wem_02484_01180724483.npy,british_new
wem_09334_02016064746.npy,british_new
wem_04310_01853099721.npy,british_new
wem_12484_01343704820.npy,british_new
wem_02484_00075014674.npy,british_new
wem_06136_01790947037.npy,british_new
wem_07508_00114479055.npy,british_new
wem_09334_01442324224.npy,british_new
wem_07049_01755615295.npy,british_new
wem_03397_01086360899.npy,british_new
wem_06136_01478387334.npy,british_new
wem_05223_01196704493.npy,british_new
wem_06136_01343411020.npy,british_new
wem_09334_01834934309.npy,british_new
wem_02484_01535399631.npy,british_new
wem_12484_01910243628.npy,british_new
wem_03397_00815663295.npy,british_new
wem_07508_00959805305.npy,british_new
wem_04310_01207322209.npy,british_new
wem_08421_00931141813.npy,british_new
wem_06136_01483170953.npy,british_new
wem_04310_00464955999.npy,british_new
wem_07049_01599732709.npy,british_new
wem_04310_00477809211.npy,british_new
wem_07049_01898333294.npy,british_new
wem_12484_00963317687.npy,british_new
wem_08784_01319153316.npy,british_new
wem_07049_00282879281.npy,british_new
wem_09334_01173677208.npy,british_new
wem_08421_00843311460.npy,british_new
wem_07049_00963745992.npy,british_new
wem_08784_00568722021.npy,british_new
wem_04310_00508472145.npy,british_new
wem_05223_00501601685.npy,british_new
wem_12484_00716603546.npy,british_new
wem_04310_00196645758.npy,british_new
wem_08784_01185546934.npy,british_new
wem_09334_00423713535.npy,british_new
wem_02484_01949726026.npy,british_new
wem_06136_00359125349.npy,british_new
wem_08421_01038490641.npy,british_new
wem_07049_01698591081.npy,british_new
wem_09334_01616144297.npy,british_new
wem_05223_01124401640.npy,british_new
wem_02484_00926163911.npy,british_new
wem_08784_00296775418.npy,british_new
wem_07049_01712985539.npy,british_new
wem_12484_01292673604.npy,british_new
wem_09334_00304139583.npy,british_new
wem_03397_00438345504.npy,british_new
wem_03397_00079699496.npy,british_new
wem_03397_02138213533.npy,british_new
wem_06136_00093364653.npy,british_new
wem_06136_02090234495.npy,british_new
wem_08421_00803636125.npy,british_new
wem_04310_02120211685.npy,british_new
wem_02484_00883069626.npy,british_new
wem_04310_01362066784.npy,british_new
wem_07508_02073138747.npy,british_new
wem_08784_00307764325.npy,british_new
wem_07049_01034662800.npy,british_new
wem_03397_01921815557.npy,british_new
wem_12484_01526722931.npy,british_new
wem_12484_01878663226.npy,british_new
wem_05223_01824249471.npy,british_new
wem_12484_00445809290.npy,british_new
wem_04310_01855907400.npy,british_new
wem_05223_00137356777.npy,british_new
wem_04310_00518019185.npy,british_new
wem_09334_01298452067.npy,british_new
wem_05223_00544087452.npy,british_new
wem_07508_00355959085.npy,british_new
wem_12484_00567781102.npy,british_new
wem_02484_01983119014.npy,british_new
wem_08784_00600016693.npy,british_new
wem_08421_00563082709.npy,british_new
wem_08421_00558267206.npy,british_new
wem_09334_01422772099.npy,british_new
wem_08421_00617850311.npy,british_new
wem_04310_01443230062.npy,british_new
wem_06136_01112739142.npy,british_new
wem_08421_00250182963.npy,british_new
wem_09334_01077970909.npy,british_new
wem_07508_00173211983.npy,british_new
wem_02484_00878383161.npy,british_new
wem_08784_01557069361.npy,british_new
wem_08784_01022337510.npy,british_new
wem_05223_00282452834.npy,british_new
wem_02484_00040742342.npy,british_new
wem_08421_02038333526.npy,british_new
wem_09334_01508684538.npy,british_new
wem_07049_01390076744.npy,british_new
wem_05223_00198702103.npy,british_new
wem_03397_01741109242.npy,british_new
wem_09334_00839217958.npy,british_new
wem_09334_01413975418.npy,british_new
wem_02484_01318768210.npy,british_new
wem_07508_01818186701.npy,british_new
wem_12484_01111437936.npy,british_new
wem_03397_01321657465.npy,british_new
wem_02484_01489356847.npy,british_new
wem_12484_01457023266.npy,british_new
wem_06136_00554333102.npy,british_new
wem_06136_01234206215.npy,british_new
wem_06136_00610327359.npy,british_new
wem_02484_01168181642.npy,british_new
wem_09334_00688502295.npy,british_new
wem_08421_00930915587.npy,british_new
wem_08784_01831625699.npy,british_new
wem_09334_01756768424.npy,british_new
wem_08784_01382613032.npy,british_new
wem_03397_01303377123.npy,british_new
wem_08421_01726209161.npy,british_new
wem_02484_00765471878.npy,british_new
wem_08784_00315435825.npy,british_new
wem_02484_00668937502.npy,british_new
wem_12484_00683646246.npy,british_new
wem_08784_00478965098.npy,british_new
wem_05223_00247165966.npy,british_new
wem_08421_00109279978.npy,british_new
wem_02484_01987231446.npy,british_new
wem_08421_00530820778.npy,british_new
wem_12484_00187225188.npy,british_new
wem_12484_00378758012.npy,british_new
wem_08784_01443145408.npy,british_new
wem_08421_02135565760.npy,british_new
wem_04310_00339958755.npy,british_new
wem_12484_01341964488.npy,british_new
wem_07049_01451305896.npy,british_new
wem_03397_00878938854.npy,british_new
wem_05223_01160474139.npy,british_new
wem_09334_01689260113.npy,british_new
wem_07508_00099333495.npy,british_new
wem_04310_01327673410.npy,british_new
wem_07049_00095085844.npy,british_new
wem_06136_01306367947.npy,british_new
wem_12484_00420970958.npy,british_new
wem_09334_00283028385.npy,british_new
wem_05223_01163989950.npy,british_new
wem_04310_00207923533.npy,british_new
wem_02484_01320271517.npy,british_new
wem_02484_00872977608.npy,british_new
wem_02484_02107673589.npy,british_new
wem_03397_00519538221.npy,british_new
wem_02484_00801435147.npy,british_new
wem_07049_02069451727.npy,british_new
wem_09334_01280593361.npy,british_new
wem_12484_00761736842.npy,british_new
wem_04310_01218791190.npy,british_new
wem_04310_01203140534.npy,british_new
wem_02484_01592975027.npy,british_new
wem_08421_00470347612.npy,british_new
wem_07049_00743546002.npy,british_new
wem_08784_00310803095.npy,british_new
wem_06136_02043673375.npy,british_new
wem_07508_00266024579.npy,british_new
wem_07049_01555184307.npy,british_new
wem_06136_00059397349.npy,british_new
wem_12484_01196904419.npy,british_new
wem_08421_01763675117.npy,british_new
wem_02484_01094196781.npy,british_new
wem_06136_00229153935.npy,british_new
wem_07049_01152359850.npy,british_new
wem_05223_00048086642.npy,british_new
wem_05223_00473475616.npy,british_new
wem_02484_00310693873.npy,british_new
wem_03397_01658730621.npy,british_new
wem_05223_02107006681.npy,british_new
wem_05223_00067276735.npy,british_new
wem_05223_01988002188.npy,british_new
wem_08421_01360311569.npy,british_new
wem_07049_01490447117.npy,british_new
wem_05223_00711903212.npy,british_new
wem_07049_01641957089.npy,british_new
wem_12484_00133596912.npy,british_new
wem_04310_01003268265.npy,british_new
wem_04310_00815383345.npy,british_new
wem_03397_01096395070.npy,british_new
wem_07049_00028717131.npy,british_new
wem_09334_00003545899.npy,british_new
wem_08421_00947091837.npy,british_new
wem_03397_00231166768.npy,british_new
wem_09334_01075006312.npy,british_new
wem_09334_01824778841.npy,british_new
wem_12484_01177644375.npy,british_new
wem_09334_01115869899.npy,british_new
wem_08784_00977494674.npy,british_new
wem_09334_00562120831.npy,british_new
wem_09334_00456447738.npy,british_new
wem_06136_00157125152.npy,british_new
wem_09334_01705668174.npy,british_new
wem_05223_00990460764.npy,british_new
wem_08784_00127282929.npy,british_new
wem_03397_01795583120.npy,british_new
wem_04310_02019701908.npy,british_new
wem_08421_01886438199.npy,british_new
wem_05223_00648355075.npy,british_new
wem_03397_00720018512.npy,british_new
wem_05223_01552340349.npy,british_new
wem_06136_00776707623.npy,british_new
wem_07049_01666164829.npy,british_new
wem_07049_01244982210.npy,british_new
wem_08421_00317973986.npy,british_new
wem_07049_00771163816.npy,british_new
wem_08421_01518360740.npy,british_new
wem_08784_00893002731.npy,british_new
wem_07508_01308334884.npy,british_new
wem_05223_01859214790.npy,british_new
wem_02484_00521581019.npy,british_new
wem_05223_00806433593.npy,british_new
wem_07049_00965199713.npy,british_new
wem_05223_01517840620.npy,british_new
wem_05223_00185016081.npy,british_new
wem_04310_00915739004.npy,british_new
wem_07508_01051381474.npy,british_new
wem_02484_01396893180.npy,british_new
wem_08421_00105262959.npy,british_new
wem_06136_00350970272.npy,british_new
wem_08421_00620843635.npy,british_new
wem_09334_00180958043.npy,british_new
wem_02484_00110119186.npy,british_new
wem_07508_02007077766.npy,british_new
wem_03397_01051884636.npy,british_new
wem_08421_01710494845.npy,british_new
wem_03397_00654112163.npy,british_new
wem_08784_01006619379.npy,british_new
wem_07508_01299608992.npy,british_new
wem_08784_00175821972.npy,british_new
wem_08421_01581737089.npy,british_new
wem_07508_00659208527.npy,british_new
wem_08421_00548451006.npy,british_new
wem_03397_01224244774.npy,british_new
wem_08784_01285924662.npy,british_new
wem_03397_01738158579.npy,british_new
wem_03397_00233342004.npy,british_new
wem_09334_02143778625.npy,british_new
wem_03397_01808678972.npy,british_new
wem_04310_00032651397.npy,british_new
wem_05223_01693510970.npy,british_new
wem_05223_00072852852.npy,british_new
wem_08421_01821667433.npy,british_new
wem_08784_01468100007.npy,british_new
wem_09334_02064331627.npy,british_new
wem_08421_01788518233.npy,british_new
wem_07049_00480662349.npy,british_new
wem_08421_00436655759.npy,british_new
wem_12484_01455559053.npy,british_new
wem_02484_01649012107.npy,british_new
wem_07508_01182190792.npy,british_new
wem_08784_00949334104.npy,british_new
wem_02484_00522139599.npy,british_new
wem_06136_01680006778.npy,british_new
wem_02484_00646268044.npy,british_new
wem_07049_00308384121.npy,british_new
wem_03397_00163405164.npy,british_new
wem_09334_01023021390.npy,british_new
wem_03397_00756358185.npy,british_new
wem_03397_02049317250.npy,british_new
wem_07049_01717311297.npy,british_new
wem_05223_00837736289.npy,british_new
wem_09334_00541904706.npy,british_new
wem_05223_00386070360.npy,british_new
wem_04310_01126973981.npy,british_new
wem_07049_01032687275.npy,british_new
wem_07049_00970613228.npy,british_new
wem_02484_00434593454.npy,british_new
wem_05223_00960033738.npy,british_new
wem_04310_00338178347.npy,british_new
wem_12484_01317156060.npy,british_new
wem_12484_01787239412.npy,british_new
wem_12484_01610484053.npy,british_new
wem_07049_01925891440.npy,british_new
wem_07508_01967163919.npy,british_new
wem_06136_01337037586.npy,british_new
wem_07508_01182831831.npy,british_new
wem_09334_00171923784.npy,british_new
wem_05223_01559210753.npy,british_new
wem_07049_00842980955.npy,british_new
wem_03397_01842960609.npy,british_new
wem_08421_01958103095.npy,british_new
wem_06136_00314193833.npy,british_new
wem_07049_00601843560.npy,british_new
wem_04310_01265395993.npy,british_new
wem_02484_00777430983.npy,british_new
wem_04310_01305042852.npy,british_new
wem_07508_00818245683.npy,british_new
wem_07508_01446033793.npy,british_new
wem_09334_02098467315.npy,british_new
wem_07049_00145392840.npy,british_new
wem_07049_01040280390.npy,british_new
wem_08421_01285493670.npy,british_new
wem_06136_01553363906.npy,british_new
wem_08421_01042227205.npy,british_new
wem_07508_00656857628.npy,british_new
wem_08784_00160687311.npy,british_new
wem_07049_00583996694.npy,british_new
wem_12484_01366176964.npy,british_new
wem_12484_00179151487.npy,british_new
wem_09334_01880850718.npy,british_new
wem_06136_02144950898.npy,british_new
wem_02484_00301845463.npy,british_new
wem_04310_01456313337.npy,british_new
wem_05223_01747767745.npy,british_new
wem_12484_01322769619.npy,british_new
wem_03397_01759997208.npy,british_new
wem_06136_00209542620.npy,british_new
wem_08421_00523417686.npy,british_new
wem_07049_02134573692.npy,british_new
wem_07508_01851947796.npy,british_new
wem_05223_01042665360.npy,british_new
wem_08784_01280559953.npy,british_new
wem_02484_00755463836.npy,british_new
wem_05223_00770510684.npy,british_new
wem_07049_01932338015.npy,british_new
wem_09334_00647610893.npy,british_new
wem_04310_01367272862.npy,british_new
wem_04310_02018559907.npy,british_new
wem_09334_01773669557.npy,british_new
wem_08784_01592559934.npy,british_new
wem_07049_02134695551.npy,british_new
wem_08421_02038612758.npy,british_new
wem_12484_00145572629.npy,british_new
wem_06136_01183833810.npy,british_new
wem_12484_00773901669.npy,british_new
wem_07049_01277095436.npy,british_new
wem_05223_00287182075.npy,british_new
wem_09334_01776605148.npy,british_new
wem_07049_01715236926.npy,british_new
wem_02484_01873501110.npy,british_new
wem_08421_02058286695.npy,british_new
wem_03397_00575081933.npy,british_new
wem_04310_01461224898.npy,british_new
wem_04310_00290723043.npy,british_new
wem_07049_01876159431.npy,british_new
wem_04310_01775415170.npy,british_new
wem_02484_01625559364.npy,british_new
wem_09334_01546721853.npy,british_new
wem_06136_01751662673.npy,british_new
wem_06136_01503276562.npy,british_new
wem_12484_00163518662.npy,british_new
wem_07049_00119227594.npy,british_new
wem_03397_00314723233.npy,british_new
wem_12484_00071454729.npy,british_new
wem_07049_02020905545.npy,british_new
wem_06136_00760541122.npy,british_new
wem_08784_00801163799.npy,british_new
wem_04310_00838250771.npy,british_new
wem_03397_01135556735.npy,british_new
wem_09334_00221487195.npy,british_new
wem_07508_00092748308.npy,british_new
wem_04310_00109353314.npy,british_new
wem_09334_00041655158.npy,british_new
wem_08421_01459067876.npy,british_new
wem_02484_00875730185.npy,british_new
wem_09334_00917343792.npy,british_new
wem_04310_01962062319.npy,british_new
wem_08784_01380242297.npy,british_new
wem_03397_00772989005.npy,british_new
wem_02484_00244510768.npy,british_new
wem_03397_02014693031.npy,british_new
wem_06136_01678491108.npy,british_new
wem_04310_00677775922.npy,british_new
wem_07049_00948172853.npy,british_new
wem_03397_01418849433.npy,british_new
wem_05223_02048002422.npy,british_new
wem_07049_01393221807.npy,british_new
wem_07508_00289391489.npy,british_new
wem_03397_01005895609.npy,british_new
wem_03397_01518685062.npy,british_new
wem_12484_01667387671.npy,british_new
wem_12484_01406357944.npy,british_new
wem_07508_00119953315.npy,british_new
wem_08784_01267424452.npy,british_new
wem_05223_01788567246.npy,british_new
wem_09334_01286401634.npy,british_new
wem_09334_00594710355.npy,british_new
wem_07049_01941829432.npy,british_new
wem_06136_01355073657.npy,british_new
wem_12484_01676527638.npy,british_new
wem_08421_00553840534.npy,british_new
wem_12484_00830753794.npy,british_new
wem_12484_00153977944.npy,british_new
wem_02484_01693629983.npy,british_new
wem_08784_01776342054.npy,british_new
wem_02484_00564905730.npy,british_new
wem_08784_01701870257.npy,british_new
wem_12484_00537521963.npy,british_new
wem_05223_01840832761.npy,british_new
wem_09334_00485961784.npy,british_new
wem_08421_01613591904.npy,british_new
wem_07049_01480023430.npy,british_new
wem_09334_00939537836.npy,british_new
wem_05223_00044970871.npy,british_new
wem_03397_00650881413.npy,british_new
wem_08421_00063157659.npy,british_new
wem_12484_01353840420.npy,british_new
wem_12484_00463654635.npy,british_new
wem_07049_01643178168.npy,british_new
wem_08421_00365489316.npy,british_new
wem_02484_01418828041.npy,british_new
wem_02484_00385548365.npy,british_new
wem_06136_02121096054.npy,british_new
wem_02484_01799453843.npy,british_new
wem_07508_01333080679.npy,british_new
wem_08421_01248693434.npy,british_new
wem_07508_01160317184.npy,british_new
wem_05223_00398044005.npy,british_new
wem_02484_01545024944.npy,british_new
wem_07508_02142613824.npy,british_new
wem_06136_00162093367.npy,british_new
wem_08421_00342487080.npy,british_new
wem_02484_00446147435.npy,british_new
wem_03397_00825909838.npy,british_new
wem_09334_01494841889.npy,british_new
wem_06136_01528792888.npy,british_new
wem_07508_01651070053.npy,british_new
wem_08421_00940702305.npy,british_new
wem_07508_00655685848.npy,british_new
wem_07049_01198755072.npy,british_new
wem_08421_00340511621.npy,british_new
wem_05223_00916853335.npy,british_new
wem_09334_02088630437.npy,british_new
wem_08784_01178160434.npy,british_new
wem_07049_01682149430.npy,british_new
wem_03397_00094190498.npy,british_new
wem_05223_01126600035.npy,british_new
wem_03397_00216416911.npy,british_new
wem_12484_00486128408.npy,british_new
wem_05223_02003319207.npy,british_new
wem_07049_00701270759.npy,british_new
wem_04310_00986535491.npy,british_new
wem_07049_01951282194.npy,british_new
wem_12484_00382804912.npy,british_new
wem_08784_00456382066.npy,british_new
wem_08784_00792571975.npy,british_new
wem_03397_00433790013.npy,british_new
wem_02484_00762481464.npy,british_new
wem_07508_01052229084.npy,british_new
wem_04310_00139342773.npy,british_new
wem_07508_00257720692.npy,british_new
wem_06136_00631114427.npy,british_new
wem_02484_00605469078.npy,british_new
wem_04310_00177053760.npy,british_new
wem_04310_01639804906.npy,british_new
wem_05223_01702980790.npy,british_new
wem_07049_01771105179.npy,british_new
wem_12484_01035424313.npy,british_new
wem_06136_00128239089.npy,british_new
wem_02484_00380842358.npy,british_new
wem_03397_01820432658.npy,british_new
wem_06136_00999436767.npy,british_new
wem_05223_00803777032.npy,british_new
wem_07508_01972913018.npy,british_new
wem_05223_01622274076.npy,british_new
wem_07508_00233143170.npy,british_new
wem_03397_01266155946.npy,british_new
wem_02484_00727828648.npy,british_new
wem_09334_00995567257.npy,british_new
wem_08421_00509185409.npy,british_new
wem_03397_00329312659.npy,british_new
wem_08421_01448680186.npy,british_new
wem_04310_01250781219.npy,british_new
wem_08784_00937828686.npy,british_new
wem_12484_01227121657.npy,british_new
wem_08784_01699676122.npy,british_new
wem_08784_01475667019.npy,british_new
wem_12484_00012805792.npy,british_new
wem_07049_01072609398.npy,british_new
wem_04310_01602845582.npy,british_new
wem_05223_01988802715.npy,british_new
wem_09334_02142321073.npy,british_new
wem_06136_01409864087.npy,british_new
wem_07508_00922497152.npy,british_new
wem_02484_00623996396.npy,british_new
wem_05223_00951214141.npy,british_new
wem_09334_00769162213.npy,british_new
wem_08421_00935772320.npy,british_new
wem_07508_00202964890.npy,british_new
wem_05223_00484960027.npy,british_new
wem_04310_01843830411.npy,british_new
wem_12484_01125414886.npy,british_new
wem_05223_01759450252.npy,british_new
wem_09334_01388076791.npy,british_new
wem_08421_01626672976.npy,british_new
wem_09334_02058557869.npy,british_new
wem_08421_01663829255.npy,british_new
wem_02484_00646239667.npy,british_new
wem_08784_00728146240.npy,british_new
wem_08784_00488325361.npy,british_new
wem_03397_00253110664.npy,british_new
wem_07508_01754149347.npy,british_new
wem_07049_01399497103.npy,british_new
wem_12484_01636050689.npy,british_new
wem_03397_00356588574.npy,british_new
wem_08421_01690803735.npy,british_new
wem_07049_00204776707.npy,british_new
wem_08784_02127169205.npy,british_new
wem_07049_00579638793.npy,british_new
wem_08421_00976704746.npy,british_new
wem_09334_01712353745.npy,british_new
wem_07508_01758102418.npy,british_new
wem_12484_00193126186.npy,british_new
wem_08784_00810687646.npy,british_new
wem_07049_01931385919.npy,british_new
wem_08784_00408408814.npy,british_new
wem_08784_00112965047.npy,british_new
wem_05223_01023595702.npy,british_new
wem_12484_00216056205.npy,british_new
wem_07508_00359526778.npy,british_new
wem_07508_00791546287.npy,british_new
wem_07508_01816931875.npy,british_new
wem_12484_01866218252.npy,british_new
wem_08784_01636385805.npy,british_new
wem_03397_02134121132.npy,british_new
wem_06136_01105967254.npy,british_new
wem_02484_01695189359.npy,british_new
wem_08421_00270161727.npy,british_new
wem_06136_02060876707.npy,british_new
wem_06136_01094397710.npy,british_new
wem_12484_02040116215.npy,british_new
wem_03397_00187748650.npy,british_new
wem_07508_01541851455.npy,british_new
wem_06136_00711725866.npy,british_new
wem_12484_01267129037.npy,british_new
wem_04310_00254771786.npy,british_new
wem_07508_00178083651.npy,british_new
wem_02484_00342287221.npy,british_new
wem_07508_01425834001.npy,british_new
wem_07508_01150084990.npy,british_new
wem_12484_01369448562.npy,british_new
wem_12484_01868107707.npy,british_new
wem_12484_00098268873.npy,british_new
wem_02484_02145726648.npy,british_new
